M3171k19_cropped-59498-13661-500-20X-1,cd3l,cd16l,
M3171k19_cropped-66418-29324-500-20X-0,cd4h,
M3171k19_cropped-58826-12073-500-20X-1,
M3171k19_cropped-58714-13393-500-20X-1,cd3l,cd4h,
M3171k19_cropped-61074-13589-500-20X-1,
M3171k19_cropped-67126-28884-500-20X-0,cd4l,
M3171k19_cropped-61642-13237-500-20X-1,cd3l,
M3171k19_cropped-59162-11877-500-20X-1,cd16h,
M3171k19_cropped-60246-14877-500-20X-1,
M3171k19_cropped-59322-13405-500-20X-1,
M3171k19_cropped-60022-15449-500-20X-1,
M3171k19_cropped-67414-29376-500-20X-0,
M3171k19_cropped-59646-12465-500-20X-1,
M3171k19_cropped-61222-13081-500-20X-1,
M3171k19_cropped-58018-13965-500-20X-1,
M3171k19_cropped-57506-12565-500-20X-1,
M3171k19_cropped-57986-14341-500-20X-1,
M3171k19_cropped-60658-12377-500-20X-1,
M3171k19_cropped-58686-12325-500-20X-1,
M3171k19_cropped-66206-29516-500-20X-0,
M3171k19_cropped-60314-11873-500-20X-1,
M3171k19_cropped-59518-14821-500-20X-1,
M3171k19_cropped-60254-13517-500-20X-1,
M3171k19_cropped-58490-13965-500-20X-1,
M3171k19_cropped-60278-14869-500-20X-1,
M3171k19_cropped-58490-14289-500-20X-1,
